Story Title,Assignee,Status,Comments
Implement Login and Onboarding UI,Alice,Done,Completed integration with the new component library. Minor styling tweaks pending from UX feedback.
Setup CI/CD Pipeline for Dev,Charlie,Done,Enabled auto-deploy to dev on PR merge. Faced an hour of downtime due to misconfigured secrets.
Create Profile Page with Editable Form,Alice,Done,"Added reusable form logic. Some issues with form validation library on Safari, patched quickly."
Store Booking History in Database,bob,Done,Initial PR raised. Need clarification on schema from Analytics team.
Create Test Data Management Checklist,Charlie,Done,Drafted a checklist shared in Confluence. Added 'auth token age' edge case.
Investigate Intermittent API Timeouts,bob,Done,Timeouts traced to unindexed column. Indexed and reduced p95 latency from 900ms → 250ms.
Build Coach Booking API,bob,Done,Initial implementation had latency issues due to N+1 queries. Refactored with optimized joins.
Write Automated Regression Tests,Charlie,Done,Covered 75% of UI flows. Missed DB fallback cases due to missing test data.
